{"job_duration_seconds":{"1":10284.208333333334,"5":10284.208333333334,"10":10284.208333333334,"0.005":0,"0.01":0,"0.025":0,"0.05":0,"0.1":9656.208333333334,"0.25":10284.208333333334,"0.5":10284.208333333334,"2.5":10284.208333333334,"+Inf":10284.208333333334},"jobs_failed":0}