{"job_duration_seconds_+Inf":{"mean":153.1578947368421,"stddev":64421.791077416514},"job_duration_seconds_10":{"mean":153.1578947368421,"stddev":64421.791077416514},"job_duration_seconds_5":{"mean":153.1578947368421,"stddev":64421.791077416514},"job_duration_seconds_2.5":{"mean":153.57894736842104,"stddev":64776.59250619626},"job_duration_seconds_1":{"mean":153.78947368421052,"stddev":64954.35865286484},"job_duration_seconds_0.5":{"mean":154,"stddev":65132.36842105263},"job_duration_seconds_0.25":{"mean":154.21052631578948,"stddev":65310.62181075958},"job_duration_seconds_0.1":{"mean":154.42105263157896,"stddev":65489.11882198573},"job_duration_seconds_0.05":{"mean":154.60526315789474,"stddev":65642.61978786993},"job_duration_seconds_0.025":{"mean":154.81578947368422,"stddev":65821.56839553874},"job_duration_seconds_0.01":{"mean":155.02631578947367,"stddev":66000.76062472667},"job_duration_seconds_0.005":{"mean":155.23684210526315,"stddev":66180.19647543377},"jobs_failed_value":{"mean":155.42105263157896,"stddev":66334.54402974191}}