{"job_duration_seconds_+Inf":{"mean":14.140259569141577,"stdev":609.33072167985},"job_duration_seconds_10":{"mean":14.140259569141577,"stdev":609.33072167985},"job_duration_seconds_5":{"mean":14.140259569141577,"stdev":609.33072167985},"job_duration_seconds_2.5":{"mean":14.140259569141577,"stdev":609.33072167985},"job_duration_seconds_1":{"mean":14.140786613083867,"stdev":609.3505914536349},"job_duration_seconds_0.5":{"mean":14.140786613083867,"stdev":609.3505914536349},"job_duration_seconds_0.25":{"mean":14.141247776533369,"stdev":609.370464011313},"job_duration_seconds_0.1":{"mean":14.141774820475657,"stdev":609.390333893187},"job_duration_seconds_0.05":{"mean":14.142301864417945,"stdev":609.4102038831417},"job_duration_seconds_0.025":{"mean":14.14276302786745,"stdev":609.4300764408057},"job_duration_seconds_0.01":{"mean":14.143290071809737,"stdev":609.4499465388179},"job_duration_seconds_0.005":{"mean":14.143817115752025,"stdev":609.4698167448861},"jobs_failed_value":{"mean":14.144344159694315,"stdev":609.4896870589995}}